wish_list_id,user_id,product_id
1,1,613
2,2,1125
3,3,734
4,4,946
5,5,653
6,6,1103
7,7,342
8,8,250
9,9,193
10,10,872
11,11,588
12,12,483
13,13,24
14,14,896
15,15,700
16,16,1093
17,17,340
18,18,1027
19,19,429
20,20,1298
21,21,1271
22,22,206
23,23,965
24,24,1318
25,25,1366
26,26,1336
27,27,1295
28,28,1496
29,29,400
30,30,493
31,31,1451
32,32,722
33,33,911
34,34,284
35,35,607
36,36,289
37,37,1462
38,38,829
39,39,1487
40,40,638
41,41,137
42,42,246
43,43,127
44,44,194
45,45,1314
46,46,913
47,47,184
48,48,943
49,49,288
50,50,1287
51,51,1279
52,52,1397
53,53,697
54,54,367
55,55,1016
56,56,236
57,57,640
58,58,434
59,59,1087
60,60,113
61,61,1138
62,62,14
63,63,434
64,64,1089
65,65,292
66,66,126
67,67,988
68,68,1408
69,69,925
70,70,766
71,71,1260
72,72,560
73,73,1246
74,74,1295
75,75,512
76,76,828
77,77,1318
78,78,65
79,79,1134
80,80,575
81,81,1074
82,82,265
83,83,1302
84,84,1266
85,85,610
86,86,1297
87,87,1488
88,88,549
89,89,1109
90,90,892
91,91,572
92,92,1062
93,93,687
94,94,1241
95,95,1158
96,96,1203
97,97,859
98,98,207
99,99,893
100,100,892
101,101,810
102,102,307
103,103,78
104,104,1302
105,105,1480
106,106,979
107,107,1027
108,108,1173
109,109,1037
110,110,1005
111,111,1023
112,112,557
113,113,102
114,114,1440
115,115,1157
116,116,219
117,117,1349
118,118,452
119,119,80
120,120,1224
121,121,845
122,122,471
123,123,640
124,124,954
125,125,283
126,126,272
127,127,1341
128,128,1067
129,129,84
130,130,112
131,131,53
132,132,440
133,133,612
134,134,1288
135,135,81
136,136,1311
137,137,52
138,138,1420
139,139,444
140,140,892
141,141,692
142,142,384
143,143,7
144,144,1140
145,145,234
146,146,919
147,147,207
148,148,1058
149,149,874
150,150,92
151,151,332
152,152,912
153,153,1236
154,154,976
155,155,1399
156,156,793
157,157,624
158,158,1053
159,159,920
160,160,300
161,161,1012
162,162,170
163,163,1198
164,164,1458
165,165,1069
166,166,629
167,167,1229
168,168,1255
169,169,186
170,170,806
171,171,923
172,172,400
173,173,1085
174,174,1091
175,175,906
176,176,1054
177,177,281
178,178,360
179,179,1328
180,180,25
181,181,806
182,182,978
183,183,780
184,184,1196
185,185,578
186,186,266
187,187,441
188,188,107
189,189,1128
190,190,335
191,191,533
192,192,1109
193,193,415
194,194,724
195,195,284
196,196,1219
197,197,1111
198,198,23
199,199,227
200,200,1163
201,201,1189
202,202,536
203,203,964
204,204,1372
205,205,593
206,206,1244
207,207,1047
208,208,1440
209,209,679
210,210,594
211,211,586
212,212,198
213,213,168
214,214,759
215,215,1476
216,216,1386
217,217,1141
218,218,1370
219,219,283
220,220,346
221,221,946
222,222,812
223,223,1235
224,224,1127
225,225,1317
226,226,596
227,227,706
228,228,1175
229,229,1019
230,230,1367
231,231,845
232,232,729
233,233,1216
234,234,55
235,235,933
236,236,317
237,237,276
238,238,811
239,239,1269
240,240,274
241,241,130
242,242,572
243,243,762
244,244,30
245,245,625
246,246,99
247,247,389
248,248,370
249,249,1013
250,250,269
251,251,1006
252,252,1183
253,253,1195
254,254,637
255,255,248
256,256,1162
257,257,660
258,258,662
259,259,1042
260,260,231
261,261,196
262,262,677
263,263,1061
264,264,366
265,265,473
266,266,599
267,267,1415
268,268,220
269,269,67
270,270,1305
271,271,828
272,272,1423
273,273,436
274,274,995
275,275,415
276,276,361
277,277,962
278,278,786
279,279,622
280,280,1338
281,281,648
282,282,1364
283,283,858
284,284,1373
285,285,169
286,286,1131
287,287,760
288,288,1431
289,289,193
290,290,1287
291,291,551
292,292,1477
293,293,393
294,294,538
295,295,1223
296,296,575
297,297,316
298,298,236
299,299,6
300,300,1092
301,301,963
302,302,147
303,303,748
304,304,1031
305,305,1080
306,306,587
307,307,365
308,308,1362
309,309,513
310,310,1479
311,311,336
312,312,934
313,313,553
314,314,1010
315,315,318
316,316,1288
317,317,524
318,318,1004
319,319,124
320,320,1462
321,321,664
322,322,53
323,323,719
324,324,819
325,325,1144
326,326,173
327,327,1013
328,328,1106
329,329,1269
330,330,17
331,331,317
332,332,548
333,333,83
334,334,962
335,335,631
336,336,617
337,337,1115
338,338,280
339,339,217
340,340,1116
341,341,525
342,342,345
343,343,1450
344,344,61
345,345,1077
346,346,536
347,347,1242
348,348,1212
349,349,466
350,350,1285
351,351,366
352,352,1068
353,353,660
354,354,466
355,355,291
356,356,65
357,357,1237
358,358,190
359,359,300
360,360,232
361,361,1140
362,362,387
363,363,272
364,364,503
365,365,911
366,366,971
367,367,348
368,368,418
369,369,1387
370,370,31
371,371,700
372,372,356
373,373,34
374,374,392
375,375,982
376,376,236
377,377,825
378,378,102
379,379,1232
380,380,170
381,381,1410
382,382,924
383,383,818
384,384,1104
385,385,848
386,386,1387
387,387,1158
388,388,142
389,389,1188
390,390,91
391,391,1378
392,392,28
393,393,273
394,394,426
395,395,1432
396,396,742
397,397,640
398,398,1289
399,399,96
400,400,1089
401,401,383
402,402,1070
403,403,1161
404,404,384
405,405,176
406,406,438
407,407,1074
408,408,661
409,409,1252
410,410,220
411,411,1136
412,412,1050
413,413,270
414,414,367
415,415,494
416,416,336
417,417,1400
418,418,752
419,419,236
420,420,1475
421,421,1103
422,422,692
423,423,346
424,424,806
425,425,102
426,426,886
427,427,1066
428,428,710
429,429,97
430,430,228
431,431,729
432,432,641
433,433,921
434,434,1065
435,435,15
436,436,66
437,437,1064
438,438,1066
439,439,370
440,440,702
441,441,146
442,442,1006
443,443,1386
444,444,746
445,445,430
446,446,1073
447,447,190
448,448,1091
449,449,229
450,450,1394
451,451,77
452,452,698
453,453,630
454,454,798
455,455,1412
456,456,688
457,457,1220
458,458,1188
459,459,1319
460,460,151
461,461,586
462,462,799
463,463,1036
464,464,478
465,465,547
466,466,774
467,467,501
468,468,23
469,469,372
470,470,1124
471,471,1299
472,472,964
473,473,49
474,474,61
475,475,1286
476,476,1141
477,477,247
478,478,1016
479,479,1422
480,480,1121
481,481,212
482,482,558
483,483,724
484,484,802
485,485,872
486,486,102
487,487,1218
488,488,791
489,489,507
490,490,307
491,491,1407
492,492,1330
493,493,797
494,494,865
495,495,253
496,496,498
497,497,322
498,498,1267
499,499,746
500,500,541
1,1,1124
2,2,427
3,3,99
4,4,902
5,5,1095
6,6,1220
7,7,275
8,8,1101
9,9,782
10,10,614
11,11,14
12,12,664
13,13,132
14,14,1171
15,15,305
16,16,294
17,17,1022
18,18,656
19,19,589
20,20,310
21,21,529
22,22,817
23,23,979
24,24,737
25,25,39
26,26,135
27,27,1110
28,28,897
29,29,865
30,30,319
31,31,827
32,32,56
33,33,1218
34,34,691
35,35,709
36,36,228
37,37,1150
38,38,1415
39,39,1127
40,40,108
41,41,762
42,42,1399
43,43,17
44,44,328
45,45,749
46,46,653
47,47,925
48,48,93
49,49,863
50,50,66
51,51,721
52,52,1409
53,53,1299
54,54,946
55,55,1311
56,56,1458
57,57,837
58,58,1210
59,59,954
60,60,1469
61,61,1326
62,62,164
63,63,494
64,64,567
65,65,1069
66,66,37
67,67,662
68,68,790
69,69,87
70,70,341
71,71,1258
72,72,1032
73,73,1379
74,74,966
75,75,286
76,76,615
77,77,647
78,78,652
79,79,665
80,80,561
81,81,28
82,82,66
83,83,346
84,84,22
85,85,900
86,86,1209
87,87,97
88,88,1164
89,89,189
90,90,1387
91,91,893
92,92,706
93,93,1143
94,94,246
95,95,1463
96,96,83
97,97,272
98,98,413
99,99,1396
100,100,1302
101,101,1065
102,102,1450
103,103,763
104,104,534
105,105,631
106,106,1366
107,107,1267
108,108,810
109,109,776
110,110,1183
111,111,113
112,112,1018
113,113,1022
114,114,417
115,115,216
116,116,1215
117,117,625
118,118,869
119,119,422
120,120,649
121,121,1077
122,122,1231
123,123,971
124,124,142
125,125,224
126,126,666
127,127,641
128,128,833
129,129,166
130,130,266
131,131,713
132,132,1311
133,133,1114
134,134,1299
135,135,1253
136,136,663
137,137,1071
138,138,690
139,139,718
140,140,714
141,141,1446
142,142,66
143,143,283
144,144,1402
145,145,974
146,146,155
147,147,368
148,148,207
149,149,857
150,150,251
151,151,349
152,152,632
153,153,341
154,154,1059
155,155,1215
156,156,1035
157,157,660
158,158,911
159,159,485
160,160,1256
161,161,482
162,162,68
163,163,431
164,164,1075
165,165,1410
166,166,1395
167,167,893
168,168,1186
169,169,1114
170,170,1155
171,171,669
172,172,556
173,173,1145
174,174,1383
175,175,1026
176,176,1488
177,177,686
178,178,330
179,179,1058
180,180,626
181,181,542
182,182,1380
183,183,625
184,184,268
185,185,827
186,186,986
187,187,1323
188,188,908
189,189,1099
190,190,633
191,191,565
192,192,485
193,193,1250
194,194,1295
195,195,1195
196,196,30
197,197,337
198,198,1233
199,199,1245
200,200,1134
201,201,1239
202,202,1147
203,203,770
204,204,155
205,205,1348
206,206,473
207,207,1071
208,208,21
209,209,862
210,210,1350
211,211,915
212,212,141
213,213,588
214,214,39
215,215,893
216,216,942
217,217,44
218,218,1458
219,219,1131
220,220,165
221,221,777
222,222,1474
223,223,1025
224,224,1125
225,225,1452
226,226,605
227,227,425
228,228,261
229,229,46
230,230,851
231,231,1420
232,232,1437
233,233,963
234,234,521
235,235,882
236,236,745
237,237,973
238,238,1169
239,239,150
240,240,71
241,241,1072
242,242,490
243,243,1264
244,244,872
245,245,1076
246,246,775
247,247,564
248,248,614
249,249,238
250,250,1085
251,251,1158
252,252,181
253,253,828
254,254,477
255,255,774
256,256,19
257,257,688
258,258,1346
259,259,858
260,260,702
261,261,82
262,262,754
263,263,914
264,264,1176
265,265,186
266,266,641
267,267,164
268,268,766
269,269,508
270,270,953
271,271,155
272,272,978
273,273,1167
274,274,9
275,275,735
276,276,53
277,277,301
278,278,983
279,279,443
280,280,205
281,281,421
282,282,110
283,283,249
284,284,486
285,285,1056
286,286,613
287,287,1435
288,288,1086
289,289,1257
290,290,221
291,291,35
292,292,507
293,293,197
294,294,316
295,295,28
296,296,1318
297,297,477
298,298,862
299,299,1028
300,300,1145
301,301,1210
302,302,870
303,303,886
304,304,1018
305,305,822
306,306,905
307,307,1221
308,308,191
309,309,513
310,310,911
311,311,139
312,312,954
313,313,142
314,314,1337
315,315,1
316,316,453
317,317,481
318,318,572
319,319,1309
320,320,1181
321,321,414
322,322,45
323,323,579
324,324,1185
325,325,1070
326,326,974
327,327,1394
328,328,528
329,329,1150
330,330,1027
331,331,235
332,332,447
333,333,863
334,334,1268
335,335,194
336,336,1448
337,337,638
338,338,679
339,339,585
340,340,553
341,341,1253
342,342,978
343,343,1031
344,344,440
345,345,911
346,346,747
347,347,186
348,348,728
349,349,706
350,350,1215
351,351,922
352,352,1004
353,353,17
354,354,139
355,355,132
356,356,1084
357,357,244
358,358,816
359,359,246
360,360,1021
361,361,47
362,362,1476
363,363,1342
364,364,1125
365,365,389
366,366,930
367,367,633
368,368,1007
369,369,669
370,370,510
371,371,272
372,372,191
373,373,363
374,374,491
375,375,1217
376,376,1029
377,377,20
378,378,136
379,379,540
380,380,604
381,381,604
382,382,955
383,383,1308
384,384,891
385,385,673
386,386,158
387,387,710
388,388,1394
389,389,96
390,390,1266
391,391,831
392,392,55
393,393,1365
394,394,45
395,395,748
396,396,521
397,397,1244
398,398,749
399,399,268
400,400,1189
401,401,1486
402,402,864
403,403,1064
404,404,519
405,405,1284
406,406,98
407,407,152
408,408,497
409,409,92
410,410,834
411,411,557
412,412,86
413,413,489
414,414,106
415,415,294
416,416,900
417,417,1148
418,418,1437
419,419,1223
420,420,1346
421,421,73
422,422,904
423,423,770
424,424,513
425,425,1407
426,426,453
427,427,189
428,428,1102
429,429,1461
430,430,789
431,431,623
432,432,511
433,433,1424
434,434,500
435,435,537
436,436,735
437,437,59
438,438,160
439,439,677
440,440,486
441,441,456
442,442,476
443,443,731
444,444,457
445,445,282
446,446,521
447,447,1412
448,448,376
449,449,485
450,450,262
451,451,1016
452,452,845
453,453,1078
454,454,694
455,455,720
456,456,473
457,457,1386
458,458,1089
459,459,1108
460,460,809
461,461,889
462,462,531
463,463,242
464,464,416
465,465,1186
466,466,100
467,467,947
468,468,964
469,469,968
470,470,826
471,471,1093
472,472,1394
473,473,1095
474,474,345
475,475,328
476,476,895
477,477,959
478,478,703
479,479,298
480,480,353
481,481,178
482,482,1004
483,483,612
484,484,185
485,485,1297
486,486,379
487,487,165
488,488,794
489,489,896
490,490,329
491,491,1398
492,492,578
493,493,781
494,494,626
495,495,811
496,496,1152
497,497,797
498,498,88
499,499,1416
500,500,163
1,1,814
2,2,154
3,3,1464
4,4,1154
5,5,1358
6,6,1175
7,7,1265
8,8,865
9,9,1000
10,10,1013
11,11,593
12,12,58
13,13,57
14,14,1045
15,15,1107
16,16,209
17,17,157
18,18,1226
19,19,1349
20,20,480
21,21,1158
22,22,1352
23,23,940
24,24,1413
25,25,13
26,26,1059
27,27,795
28,28,1327
29,29,818
30,30,1164
31,31,536
32,32,445
33,33,381
34,34,218
35,35,483
36,36,1120
37,37,809
38,38,690
39,39,1207
40,40,610
41,41,565
42,42,949
43,43,574
44,44,345
45,45,347
46,46,980
47,47,230
48,48,754
49,49,819
50,50,301
51,51,721
52,52,951
53,53,1395
54,54,162
55,55,865
56,56,205
57,57,271
58,58,1242
59,59,1025
60,60,426
61,61,1089
62,62,222
63,63,917
64,64,909
65,65,289
66,66,960
67,67,26
68,68,189
69,69,423
70,70,319
71,71,674
72,72,264
73,73,495
74,74,206
75,75,1325
76,76,1496
77,77,59
78,78,1028
79,79,1302
80,80,13
81,81,597
82,82,1370
83,83,1384
84,84,42
85,85,879
86,86,1034
87,87,404
88,88,1482
89,89,120
90,90,121
91,91,9
92,92,1227
93,93,1461
94,94,1399
95,95,743
96,96,1315
97,97,1046
98,98,1443
99,99,433
100,100,881
101,101,513
102,102,245
103,103,957
104,104,532
105,105,360
106,106,601
107,107,1346
108,108,993
109,109,1318
110,110,914
111,111,326
112,112,802
113,113,1060
114,114,1465
115,115,510
116,116,1337
117,117,1373
118,118,1412
119,119,1003
120,120,1117
121,121,389
122,122,1385
123,123,476
124,124,59
125,125,357
126,126,1426
127,127,1215
128,128,476
129,129,61
130,130,392
131,131,1498
132,132,697
133,133,1363
134,134,729
135,135,644
136,136,1176
137,137,179
138,138,72
139,139,665
140,140,503
141,141,445
142,142,980
143,143,498
144,144,409
145,145,1200
146,146,1021
147,147,1225
148,148,1173
149,149,684
150,150,385
151,151,652
152,152,409
153,153,452
154,154,961
155,155,1060
156,156,230
157,157,8
158,158,576
159,159,694
160,160,61
161,161,999
162,162,1067
163,163,609
164,164,35
165,165,763
166,166,945
167,167,112
168,168,468
169,169,749
170,170,475
171,171,141
172,172,339
173,173,357
174,174,487
175,175,370
176,176,346
177,177,1100
178,178,1079
179,179,721
180,180,1229
181,181,832
182,182,405
183,183,942
184,184,850
185,185,824
186,186,1266
187,187,22
188,188,691
189,189,1244
190,190,57
191,191,36
192,192,1131
193,193,407
194,194,1082
195,195,1139
196,196,223
197,197,175
198,198,625
199,199,656
200,200,543
201,201,1010
202,202,852
203,203,560
204,204,666
205,205,1184
206,206,1158
207,207,529
208,208,151
209,209,566
210,210,899
211,211,203
212,212,652
213,213,924
214,214,347
215,215,87
216,216,304
217,217,336
218,218,941
219,219,752
220,220,645
221,221,531
222,222,28
223,223,618
224,224,1016
225,225,1235
226,226,316
227,227,929
228,228,961
229,229,943
230,230,360
231,231,514
232,232,519
233,233,1069
234,234,1256
235,235,395
236,236,1317
237,237,175
238,238,220
239,239,864
240,240,98
241,241,723
242,242,103
243,243,1106
244,244,672
245,245,612
246,246,1052
247,247,210
248,248,372
249,249,967
250,250,40
251,251,1254
252,252,569
253,253,344
254,254,997
255,255,902
256,256,836
257,257,766
258,258,362
259,259,1131
260,260,343
261,261,1420
262,262,370
263,263,331
264,264,586
265,265,104
266,266,1059
267,267,425
268,268,17
269,269,240
270,270,1054
271,271,1102
272,272,1288
273,273,730
274,274,197
275,275,17
276,276,1426
277,277,1282
278,278,922
279,279,1186
280,280,1234
281,281,1272
282,282,1098
283,283,32
284,284,855
285,285,1239
286,286,537
287,287,1137
288,288,469
289,289,1447
290,290,1462
291,291,1180
292,292,1168
293,293,993
294,294,1277
295,295,670
296,296,369
297,297,238
298,298,1040
299,299,219
300,300,1297
301,301,324
302,302,248
303,303,1052
304,304,1220
305,305,1341
306,306,1178
307,307,233
308,308,1258
309,309,1457
310,310,1034
311,311,702
312,312,906
313,313,349
314,314,1376
315,315,834
316,316,349
317,317,222
318,318,1499
319,319,784
320,320,1372
321,321,456
322,322,1072
323,323,1372
324,324,582
325,325,1352
326,326,1270
327,327,913
328,328,328
329,329,853
330,330,435
331,331,203
332,332,1103
333,333,516
334,334,726
335,335,803
336,336,337
337,337,358
338,338,1061
339,339,1343
340,340,318
341,341,521
342,342,484
343,343,305
344,344,12
345,345,1145
346,346,537
347,347,195
348,348,1231
349,349,14
350,350,317
351,351,1098
352,352,1460
353,353,1463
354,354,313
355,355,1471
356,356,860
357,357,886
358,358,743
359,359,576
360,360,565
361,361,212
362,362,1259
363,363,204
364,364,323
365,365,288
366,366,515
367,367,526
368,368,119
369,369,428
370,370,1077
371,371,1349
372,372,773
373,373,977
374,374,498
375,375,384
376,376,1209
377,377,1077
378,378,326
379,379,545
380,380,1300
381,381,587
382,382,881
383,383,409
384,384,1179
385,385,479
386,386,855
387,387,635
388,388,1129
389,389,1004
390,390,1355
391,391,297
392,392,907
393,393,88
394,394,1235
395,395,341
396,396,1147
397,397,1014
398,398,257
399,399,1225
400,400,517
401,401,318
402,402,446
403,403,256
404,404,1148
405,405,177
406,406,239
407,407,1248
408,408,1101
409,409,171
410,410,733
411,411,931
412,412,589
413,413,332
414,414,312
415,415,455
416,416,523
417,417,1410
418,418,182
419,419,1099
420,420,689
421,421,1336
422,422,2
423,423,1113
424,424,1234
425,425,854
426,426,893
427,427,489
428,428,218
429,429,1160
430,430,1466
431,431,420
432,432,107
433,433,11
434,434,36
435,435,439
436,436,347
437,437,589
438,438,73
439,439,70
440,440,538
441,441,1097
442,442,1103
443,443,97
444,444,513
445,445,562
446,446,573
447,447,310
448,448,1295
449,449,479
450,450,949
451,451,1058
452,452,858
453,453,519
454,454,1410
455,455,467
456,456,113
457,457,954
458,458,773
459,459,984
460,460,772
461,461,613
462,462,308
463,463,254
464,464,31
465,465,1394
466,466,108
467,467,249
468,468,249
469,469,909
470,470,405
471,471,1373
472,472,711
473,473,1333
474,474,364
475,475,488
476,476,105
477,477,807
478,478,304
479,479,629
480,480,379
481,481,628
482,482,366
483,483,837
484,484,1246
485,485,758
486,486,805
487,487,762
488,488,1290
489,489,945
490,490,575
491,491,674
492,492,1405
493,493,418
494,494,749
495,495,33
496,496,738
497,497,1109
498,498,1092
499,499,1445
500,500,992
1,1,1220
2,2,857
3,3,88
4,4,207
5,5,1011
6,6,340
7,7,557
8,8,463
9,9,922
10,10,250
11,11,27
12,12,134
13,13,1288
14,14,1116
15,15,232
16,16,703
17,17,948
18,18,383
19,19,1478
20,20,1262
21,21,971
22,22,456
23,23,1323
24,24,842
25,25,1138
26,26,912
27,27,773
28,28,240
29,29,59
30,30,616
31,31,795
32,32,197
33,33,1202
34,34,1151
35,35,540
36,36,1303
37,37,129
38,38,841
39,39,142
40,40,1406
41,41,1124
42,42,26
43,43,391
44,44,1072
45,45,21
46,46,1025
47,47,538
48,48,494
49,49,550
50,50,1049
51,51,425
52,52,774
53,53,850
54,54,916
55,55,854
56,56,1216
57,57,340
58,58,1084
59,59,214
60,60,94
61,61,50
62,62,1397
63,63,287
64,64,171
65,65,545
66,66,1074
67,67,333
68,68,568
69,69,838
70,70,635
71,71,958
72,72,1344
73,73,561
74,74,1128
75,75,56
76,76,346
77,77,1374
78,78,1342
79,79,576
80,80,1280
81,81,17
82,82,246
83,83,583
84,84,480
85,85,829
86,86,420
87,87,97
88,88,1047
89,89,1377
90,90,720
91,91,1014
92,92,1387
93,93,280
94,94,1051
95,95,263
96,96,630
97,97,1480
98,98,1255
99,99,683
100,100,1143
101,101,1407
102,102,998
103,103,487
104,104,858
105,105,1302
106,106,493
107,107,417
108,108,291
109,109,13
110,110,1173
111,111,210
112,112,1028
113,113,706
114,114,231
115,115,582
116,116,1325
117,117,1258
118,118,410
119,119,985
120,120,1497
121,121,533
122,122,1031
123,123,194
124,124,2
125,125,602
126,126,146
127,127,751
128,128,1496
129,129,922
130,130,1463
131,131,1279
132,132,625
133,133,518
134,134,1039
135,135,872
136,136,472
137,137,788
138,138,569
139,139,246
140,140,186
141,141,513
142,142,745
143,143,1256
144,144,711
145,145,694
146,146,434
147,147,812
148,148,726
149,149,29
150,150,538
151,151,376
152,152,386
153,153,923
154,154,136
155,155,1056
156,156,719
157,157,445
158,158,379
159,159,636
160,160,142
161,161,540
162,162,196
163,163,536
164,164,724
165,165,904
166,166,1183
167,167,782
168,168,848
169,169,1087
170,170,1311
171,171,389
172,172,1425
173,173,1055
174,174,485
175,175,1358
176,176,177
177,177,557
178,178,582
179,179,778
180,180,446
181,181,615
182,182,627
183,183,1149
184,184,957
185,185,712
186,186,862
187,187,158
188,188,1108
189,189,333
190,190,1366
191,191,864
192,192,332
193,193,1458
194,194,1230
195,195,576
196,196,679
197,197,451
198,198,1332
199,199,386
200,200,623
201,201,852
202,202,377
203,203,172
204,204,1347
205,205,695
206,206,995
207,207,446
208,208,1335
209,209,251
210,210,732
211,211,1188
212,212,1153
213,213,805
214,214,1370
215,215,1472
216,216,20
217,217,464
218,218,1174
219,219,1150
220,220,1397
221,221,1013
222,222,207
223,223,1358
224,224,674
225,225,956
226,226,1215
227,227,745
228,228,481
229,229,339
230,230,918
231,231,1159
232,232,1376
233,233,1037
234,234,1227
235,235,640
236,236,1295
237,237,414
238,238,961
239,239,753
240,240,907
241,241,1134
242,242,1216
243,243,1265
244,244,273
245,245,6
246,246,263
247,247,828
248,248,1470
249,249,889
250,250,1310
251,251,1183
252,252,663
253,253,1130
254,254,1276
255,255,1156
256,256,1470
257,257,1275
258,258,1287
259,259,130
260,260,1478
261,261,1095
262,262,465
263,263,989
264,264,220
265,265,155
266,266,797
267,267,803
268,268,115
269,269,1142
270,270,1259
271,271,1322
272,272,384
273,273,1432
274,274,466
275,275,807
276,276,1470
277,277,284
278,278,1011
279,279,584
280,280,601
281,281,977
282,282,1076
283,283,896
284,284,351
285,285,986
286,286,859
287,287,747
288,288,1236
289,289,421
290,290,344
291,291,29
292,292,246
293,293,1279
294,294,1032
295,295,689
296,296,1141
297,297,1201
298,298,227
299,299,1380
300,300,251
301,301,115
302,302,178
303,303,53
304,304,917
305,305,1099
306,306,114
307,307,727
308,308,972
309,309,354
310,310,1217
311,311,580
312,312,70
313,313,710
314,314,907
315,315,957
316,316,787
317,317,1285
318,318,1414
319,319,630
320,320,785
321,321,87
322,322,222
323,323,1365
324,324,1272
325,325,1475
326,326,402
327,327,605
328,328,261
329,329,988
330,330,1398
331,331,1307
332,332,913
333,333,1022
334,334,846
335,335,1218
336,336,495
337,337,1188
338,338,596
339,339,1154
340,340,1407
341,341,409
342,342,1028
343,343,1122
344,344,804
345,345,893
346,346,880
347,347,792
348,348,312
349,349,1072
350,350,1245
351,351,289
352,352,851
353,353,822
354,354,1329
355,355,704
356,356,278
357,357,1299
358,358,917
359,359,672
360,360,456
361,361,581
362,362,1053
363,363,1300
364,364,215
365,365,75
366,366,894
367,367,1203
368,368,58
369,369,1118
370,370,1064
371,371,1274
372,372,589
373,373,130
374,374,658
375,375,670
376,376,766
377,377,347
378,378,1001
379,379,474
380,380,572
381,381,1258
382,382,467
383,383,993
384,384,1456
385,385,794
386,386,1259
387,387,718
388,388,608
389,389,1140
390,390,59
391,391,1001
392,392,572
393,393,1426
394,394,103
395,395,192
396,396,523
397,397,1283
398,398,372
399,399,445
400,400,467
401,401,214
402,402,290
403,403,888
404,404,914
405,405,1051
406,406,279
407,407,975
408,408,1043
409,409,365
410,410,215
411,411,493
412,412,464
413,413,980
414,414,891
415,415,1249
416,416,1429
417,417,1308
418,418,820
419,419,664
420,420,1231
421,421,945
422,422,1325
423,423,954
424,424,124
425,425,254
426,426,1247
427,427,691
428,428,66
429,429,771
430,430,503
431,431,187
432,432,1489
433,433,1474
434,434,962
435,435,79
436,436,1151
437,437,1171
438,438,314
439,439,137
440,440,1162
441,441,1037
442,442,831
443,443,76
444,444,1265
445,445,81
446,446,1390
447,447,419
448,448,329
449,449,1312
450,450,1171
451,451,1383
452,452,656
453,453,311
454,454,900
455,455,1236
456,456,1434
457,457,68
458,458,1332
459,459,472
460,460,983
461,461,45
462,462,215
463,463,397
464,464,338
465,465,917
466,466,1292
467,467,1249
468,468,1344
469,469,190
470,470,863
471,471,953
472,472,30
473,473,1242
474,474,1318
475,475,49
476,476,680
477,477,1201
478,478,966
479,479,869
480,480,1252
481,481,1272
482,482,1086
483,483,532
484,484,1239
485,485,1317
486,486,1039
487,487,984
488,488,1089
489,489,460
490,490,87
491,491,1262
492,492,930
493,493,1171
494,494,980
495,495,40
496,496,985
497,497,331
498,498,1124
499,499,194
500,500,61
1,1,559
2,2,510
3,3,1217
4,4,786
5,5,631
6,6,911
7,7,147
8,8,1305
9,9,852
10,10,856
11,11,208
12,12,1184
13,13,210
14,14,1020
15,15,265
16,16,1113
17,17,980
18,18,798
19,19,814
20,20,238
21,21,248
22,22,1083
23,23,320
24,24,613
25,25,135
26,26,552
27,27,106
28,28,979
29,29,546
30,30,1241
31,31,243
32,32,320
33,33,607
34,34,541
35,35,281
36,36,206
37,37,1261
38,38,1127
39,39,691
40,40,491
41,41,1451
42,42,342
43,43,1274
44,44,1036
45,45,549
46,46,1257
47,47,1045
48,48,1281
49,49,1445
50,50,564
51,51,644
52,52,59
53,53,66
54,54,1486
55,55,480
56,56,1045
57,57,1437
58,58,452
59,59,619
60,60,1397
61,61,462
62,62,1018
63,63,278
64,64,482
65,65,222
66,66,121
67,67,910
68,68,763
69,69,369
70,70,741
71,71,404
72,72,1348
73,73,467
74,74,1076
75,75,66
76,76,593
77,77,443
78,78,883
79,79,960
80,80,121
81,81,1296
82,82,413
83,83,94
84,84,1246
85,85,908
86,86,799
87,87,978
88,88,334
89,89,502
90,90,394
91,91,98
92,92,1402
93,93,69
94,94,252
95,95,1345
96,96,377
97,97,471
98,98,1281
99,99,843
100,100,934
101,101,164
102,102,322
103,103,840
104,104,985
105,105,370
106,106,1033
107,107,18
108,108,1114
109,109,73
110,110,615
111,111,748
112,112,1227
113,113,1296
114,114,1392
115,115,772
116,116,1451
117,117,515
118,118,1083
119,119,529
120,120,333
121,121,853
122,122,1105
123,123,1352
124,124,142
125,125,825
126,126,448
127,127,1245
128,128,18
129,129,15
130,130,1145
131,131,1146
132,132,848
133,133,760
134,134,1314
135,135,174
136,136,1432
137,137,80
138,138,867
139,139,731
140,140,215
141,141,893
142,142,661
143,143,208
144,144,1070
145,145,1312
146,146,1200
147,147,573
148,148,1305
149,149,940
150,150,542
151,151,109
152,152,241
153,153,574
154,154,1338
155,155,1270
156,156,1353
157,157,1269
158,158,167
159,159,1362
160,160,988
161,161,1431
162,162,1374
163,163,450
164,164,314
165,165,447
166,166,278
167,167,282
168,168,238
169,169,464
170,170,152
171,171,30
172,172,1189
173,173,805
174,174,1115
175,175,120
176,176,1477
177,177,1208
178,178,715
179,179,1275
180,180,644
181,181,831
182,182,1497
183,183,183
184,184,275
185,185,322
186,186,758
187,187,1154
188,188,161
189,189,853
190,190,276
191,191,433
192,192,1083
193,193,1233
194,194,1391
195,195,423
196,196,1260
197,197,1489
198,198,688
199,199,897
200,200,592
201,201,1220
202,202,626
203,203,1106
204,204,33
205,205,1208
206,206,88
207,207,1044
208,208,1336
209,209,1312
210,210,433
211,211,528
212,212,1102
213,213,97
214,214,1109
215,215,388
216,216,1439
217,217,329
218,218,207
219,219,757
220,220,210
221,221,720
222,222,1233
223,223,607
224,224,1284
225,225,47
226,226,1134
227,227,680
228,228,994
229,229,647
230,230,408
231,231,1383
232,232,456
233,233,694
234,234,212
235,235,382
236,236,817
237,237,1176
238,238,376
239,239,1268
240,240,308
241,241,348
242,242,387
243,243,1150
244,244,805
245,245,37
246,246,1418
247,247,1254
248,248,1426
249,249,1051
250,250,999
251,251,717
252,252,815
253,253,1258
254,254,220
255,255,1029
256,256,1474
257,257,1118
258,258,1203
259,259,1437
260,260,915
261,261,1023
262,262,456
263,263,740
264,264,1394
265,265,472
266,266,428
267,267,444
268,268,1139
269,269,1402
270,270,1124
271,271,1167
272,272,1265
273,273,1453
274,274,1137
275,275,841
276,276,660
277,277,771
278,278,1292
279,279,844
280,280,699
281,281,725
282,282,661
283,283,102
284,284,1338
285,285,68
286,286,106
287,287,183
288,288,1492
289,289,1019
290,290,759
291,291,890
292,292,881
293,293,43
294,294,345
295,295,662
296,296,436
297,297,582
298,298,967
299,299,1416
300,300,1124
301,301,487
302,302,965
303,303,1143
304,304,670
305,305,529
306,306,1223
307,307,985
308,308,549
309,309,435
310,310,727
311,311,134
312,312,599
313,313,1083
314,314,269
315,315,805
316,316,333
317,317,1057
318,318,475
319,319,543
320,320,1143
321,321,1377
322,322,745
323,323,635
324,324,627
325,325,1108
326,326,1227
327,327,1494
328,328,1158
329,329,1376
330,330,817
331,331,1093
332,332,1169
333,333,725
334,334,1238
335,335,515
336,336,501
337,337,418
338,338,1241
339,339,142
340,340,979
341,341,1446
342,342,1039
343,343,1394
344,344,980
345,345,1137
346,346,461
347,347,357
348,348,1049
349,349,714
350,350,554
351,351,1425
352,352,1389
353,353,644
354,354,1231
355,355,1361
356,356,1006
357,357,49
358,358,504
359,359,77
360,360,697
361,361,1228
362,362,598
363,363,846
364,364,235
365,365,348
366,366,549
367,367,334
368,368,298
369,369,287
370,370,282
371,371,1297
372,372,989
373,373,462
374,374,407
375,375,1307
376,376,1268
377,377,481
378,378,732
379,379,385
380,380,551
381,381,523
382,382,600
383,383,621
384,384,292
385,385,357
386,386,1031
387,387,1100
388,388,859
389,389,1190
390,390,1048
391,391,1196
392,392,438
393,393,1198
394,394,392
395,395,534
396,396,1144
397,397,253
398,398,1370
399,399,197
400,400,356
401,401,1196
402,402,717
403,403,1207
404,404,1287
405,405,1268
406,406,1454
407,407,578
408,408,169
409,409,554
410,410,618
411,411,1390
412,412,1435
413,413,813
414,414,8
415,415,344
416,416,844
417,417,1054
418,418,903
419,419,941
420,420,29
421,421,914
422,422,1074
423,423,450
424,424,543
425,425,465
426,426,844
427,427,996
428,428,113
429,429,1425
430,430,1021
431,431,1350
432,432,266
433,433,744
434,434,1252
435,435,32
436,436,1022
437,437,917
438,438,1437
439,439,30
440,440,273
441,441,368
442,442,1281
443,443,13
444,444,1340
445,445,1420
446,446,1141
447,447,324
448,448,56
449,449,359
450,450,963
451,451,784
452,452,1272
453,453,50
454,454,776
455,455,434
456,456,601
457,457,964
458,458,1133
459,459,953
460,460,804
461,461,1293
462,462,123
463,463,912
464,464,1462
465,465,742
466,466,80
467,467,444
468,468,383
469,469,365
470,470,589
471,471,1248
472,472,1490
473,473,175
474,474,266
475,475,879
476,476,199
477,477,775
478,478,1397
479,479,759
480,480,497
481,481,1164
482,482,1125
483,483,1136
484,484,1271
485,485,969
486,486,1249
487,487,304
488,488,1235
489,489,181
490,490,700
491,491,406
492,492,510
493,493,609
494,494,409
495,495,582
496,496,66
497,497,32
498,498,561
499,499,1016
500,500,84
1,1,342
2,2,1476
3,3,20
4,4,521
5,5,1355
6,6,208
7,7,502
8,8,1244
9,9,887
10,10,454
11,11,1337
12,12,794
13,13,852
14,14,416
15,15,373
16,16,1482
17,17,1183
18,18,660
19,19,1014
20,20,530
21,21,1068
22,22,831
23,23,672
24,24,9
25,25,848
26,26,1206
27,27,778
28,28,741
29,29,821
30,30,1124
31,31,1389
32,32,250
33,33,824
34,34,1048
35,35,1405
36,36,22
37,37,852
38,38,1081
39,39,1381
40,40,1263
41,41,378
42,42,1070
43,43,658
44,44,1197
45,45,595
46,46,1398
47,47,935
48,48,708
49,49,459
50,50,1026
51,51,417
52,52,1459
53,53,15
54,54,1146
55,55,463
56,56,347
57,57,462
58,58,666
59,59,603
60,60,476
61,61,763
62,62,152
63,63,44
64,64,812
65,65,1165
66,66,223
67,67,727
68,68,1400
69,69,344
70,70,1057
71,71,45
72,72,276
73,73,99
74,74,1362
75,75,235
76,76,234
77,77,517
78,78,899
79,79,77
80,80,1072
81,81,1037
82,82,769
83,83,1023
84,84,252
85,85,686
86,86,28
87,87,901
88,88,1393
89,89,177
90,90,235
91,91,1346
92,92,297
93,93,853
94,94,797
95,95,707
96,96,651
97,97,158
98,98,483
99,99,78
100,100,1322
101,101,819
102,102,1114
103,103,820
104,104,1239
105,105,149
106,106,336
107,107,485
108,108,1055
109,109,71
110,110,310
111,111,408
112,112,1394
113,113,173
114,114,1044
115,115,558
116,116,1177
117,117,632
118,118,1363
119,119,1261
120,120,54
121,121,1238
122,122,455
123,123,983
124,124,785
125,125,412
126,126,65
127,127,394
128,128,927
129,129,1194
130,130,735
131,131,340
132,132,162
133,133,458
134,134,94
135,135,1481
136,136,1247
137,137,1481
138,138,412
139,139,91
140,140,648
141,141,740
142,142,1289
143,143,361
144,144,14
145,145,1404
146,146,922
147,147,1465
148,148,949
149,149,1391
150,150,222
151,151,1323
152,152,687
153,153,1284
154,154,1371
155,155,1101
156,156,982
157,157,63
158,158,471
159,159,1094
160,160,1482
161,161,550
162,162,629
163,163,145
164,164,1303
165,165,1306
166,166,955
167,167,325
168,168,611
169,169,795
170,170,1290
171,171,372
172,172,1285
173,173,203
174,174,404
175,175,1066
176,176,1316
177,177,322
178,178,29
179,179,337
180,180,22
181,181,1051
182,182,544
183,183,238
184,184,1216
185,185,138
186,186,306
187,187,468
188,188,963
189,189,854
190,190,1475
191,191,981
192,192,1499
193,193,315
194,194,215
195,195,1441
196,196,1133
197,197,1430
198,198,217
199,199,80
200,200,1423
201,201,944
202,202,514
203,203,1462
204,204,761
205,205,553
206,206,1004
207,207,1347
208,208,1131
209,209,906
210,210,359
211,211,1058
212,212,762
213,213,263
214,214,997
215,215,1071
216,216,862
217,217,275
218,218,631
219,219,1372
220,220,352
221,221,1464
222,222,798
223,223,1471
224,224,792
225,225,1292
226,226,417
227,227,1487
228,228,733
229,229,1246
230,230,913
231,231,1375
232,232,1193
233,233,1418
234,234,33
235,235,1380
236,236,222
237,237,159
238,238,786
239,239,166
240,240,646
241,241,573
242,242,442
243,243,269
244,244,1350
245,245,1033
246,246,1179
247,247,1430
248,248,553
249,249,867
250,250,1269
251,251,1377
252,252,1377
253,253,11
254,254,1020
255,255,209
256,256,735
257,257,1160
258,258,768
259,259,887
260,260,649
261,261,777
262,262,1025
263,263,1178
264,264,427
265,265,1409
266,266,621
267,267,215
268,268,179
269,269,1097
270,270,111
271,271,127
272,272,1048
273,273,1293
274,274,890
275,275,682
276,276,1038
277,277,444
278,278,1183
279,279,1454
280,280,339
281,281,712
282,282,108
283,283,277
284,284,1158
285,285,710
286,286,706
287,287,937
288,288,1355
289,289,457
290,290,1449
291,291,482
292,292,662
293,293,181
294,294,1166
295,295,865
296,296,838
297,297,1052
298,298,272
299,299,373
300,300,1461
301,301,48
302,302,765
303,303,758
304,304,823
305,305,301
306,306,1161
307,307,126
308,308,844
309,309,106
310,310,204
311,311,161
312,312,495
313,313,673
314,314,533
315,315,668
316,316,706
317,317,423
318,318,651
319,319,1080
320,320,535
321,321,1416
322,322,320
323,323,661
324,324,316
325,325,182
326,326,1229
327,327,1349
328,328,904
329,329,593
330,330,442
331,331,968
332,332,826
333,333,817
334,334,809
335,335,1197
336,336,1339
337,337,648
338,338,492
339,339,1090
340,340,267
341,341,900
342,342,512
343,343,458
344,344,1427
345,345,878
346,346,86
347,347,482
348,348,1475
349,349,1268
350,350,298
351,351,1132
352,352,1200
353,353,1434
354,354,1255
355,355,1017
356,356,1110
357,357,903
358,358,304
359,359,1477
360,360,411
361,361,281
362,362,428
363,363,158
364,364,284
365,365,55
366,366,153
367,367,572
368,368,1214
369,369,639
370,370,375
371,371,1266
372,372,229
373,373,326
374,374,432
375,375,1350
376,376,736
377,377,689
378,378,1096
379,379,337
380,380,708
381,381,711
382,382,575
383,383,1057
384,384,752
385,385,1057
386,386,1282
387,387,826
388,388,1147
389,389,1146
390,390,1405
391,391,21
392,392,492
393,393,277
394,394,1424
395,395,236
396,396,1428
397,397,371
398,398,103
399,399,786
400,400,191
401,401,1340
402,402,1200
403,403,691
404,404,1364
405,405,1001
406,406,324
407,407,75
408,408,1344
409,409,1374
410,410,542
411,411,317
412,412,390
413,413,581
414,414,578
415,415,1184
416,416,1274
417,417,714
418,418,241
419,419,751
420,420,359
421,421,1441
422,422,534
423,423,1096
424,424,501
425,425,442
426,426,192
427,427,611
428,428,142
429,429,1082
430,430,588
431,431,1391
432,432,111
433,433,406
434,434,1239
435,435,1054
436,436,290
437,437,1237
438,438,282
439,439,668
440,440,1278
441,441,832
442,442,433
443,443,1069
444,444,689
445,445,1354
446,446,989
447,447,541
448,448,944
449,449,1021
450,450,446
451,451,896
452,452,1476
453,453,1288
454,454,624
455,455,1186
456,456,1147
457,457,722
458,458,1361
459,459,1123
460,460,240
461,461,1338
462,462,768
463,463,117
464,464,299
465,465,223
466,466,1211
467,467,531
468,468,708
469,469,1329
470,470,751
471,471,1024
472,472,892
473,473,1136
474,474,688
475,475,1384
476,476,286
477,477,774
478,478,327
479,479,1380
480,480,12
481,481,1245
482,482,817
483,483,176
484,484,350
485,485,552
486,486,717
487,487,1359
488,488,696
489,489,22
490,490,682
491,491,802
492,492,84
493,493,27
494,494,314
495,495,229
496,496,1068
497,497,1257
498,498,555
499,499,1012
500,500,1155
1,1,845
2,2,742
3,3,330
4,4,614
5,5,1234
6,6,1322
7,7,485
8,8,745
9,9,1033
10,10,972
11,11,640
12,12,97
13,13,164
14,14,1446
15,15,807
16,16,1060
17,17,461
18,18,487
19,19,871
20,20,1170
21,21,1005
22,22,463
23,23,1304
24,24,1482
25,25,614
26,26,1286
27,27,902
28,28,575
29,29,329
30,30,832
31,31,1192
32,32,1408
33,33,434
34,34,1427
35,35,1168
36,36,134
37,37,761
38,38,1489
39,39,992
40,40,1036
41,41,437
42,42,789
43,43,638
44,44,1048
45,45,1006
46,46,1016
47,47,572
48,48,1319
49,49,147
50,50,661
51,51,823
52,52,931
53,53,632
54,54,365
55,55,500
56,56,398
57,57,918
58,58,550
59,59,1040
60,60,1426
61,61,1360
62,62,496
63,63,1059
64,64,795
65,65,1439
66,66,1085
67,67,594
68,68,988
69,69,335
70,70,1343
71,71,1274
72,72,1198
73,73,1083
74,74,129
75,75,341
76,76,961
77,77,636
78,78,1234
79,79,990
80,80,853
81,81,1130
82,82,1122
83,83,978
84,84,1058
85,85,652
86,86,315
87,87,6
88,88,833
89,89,740
90,90,619
91,91,771
92,92,1490
93,93,309
94,94,19
95,95,1426
96,96,1035
97,97,118
98,98,676
99,99,559
100,100,1229
101,101,136
102,102,914
103,103,727
104,104,1412
105,105,116
106,106,376
107,107,778
108,108,1418
109,109,1266
110,110,974
111,111,333
112,112,1118
113,113,497
114,114,354
115,115,371
116,116,1040
117,117,1118
118,118,311
119,119,1287
120,120,152
121,121,490
122,122,345
123,123,6
124,124,796
125,125,1407
126,126,579
127,127,892
128,128,945
129,129,40
130,130,851
131,131,344
132,132,22
133,133,100
134,134,963
135,135,465
136,136,648
137,137,613
138,138,450
139,139,17
140,140,377
141,141,664
142,142,28
143,143,1405
144,144,255
145,145,1423
146,146,65
147,147,1201
148,148,212
149,149,979
150,150,948
151,151,187
152,152,1498
153,153,788
154,154,278
155,155,487
156,156,943
157,157,320
158,158,1073
159,159,444
160,160,1351
161,161,829
162,162,188
163,163,583
164,164,1117
165,165,502
166,166,873
167,167,1330
168,168,400
169,169,807
170,170,68
171,171,198
172,172,1297
173,173,1297
174,174,1422
175,175,787
176,176,363
177,177,1437
178,178,898
179,179,210
180,180,1318
181,181,555
182,182,33
183,183,1357
184,184,905
185,185,98
186,186,1162
187,187,271
188,188,485
189,189,38
190,190,1291
191,191,862
192,192,1391
193,193,691
194,194,742
195,195,823
196,196,851
197,197,281
198,198,790
199,199,1361
200,200,359
201,201,1409
202,202,456
203,203,272
204,204,4
205,205,179
206,206,101
207,207,626
208,208,182
209,209,143
210,210,955
211,211,843
212,212,914
213,213,728
214,214,913
215,215,609
216,216,39
217,217,159
218,218,1014
219,219,142
220,220,613
221,221,675
222,222,1034
223,223,348
224,224,136
225,225,315
226,226,432
227,227,422
228,228,855
229,229,1025
230,230,178
231,231,538
232,232,1206
233,233,579
234,234,641
235,235,640
236,236,656
237,237,147
238,238,710
239,239,1275
240,240,42
241,241,122
242,242,1244
243,243,352
244,244,859
245,245,795
246,246,317
247,247,484
248,248,1032
249,249,723
250,250,133
251,251,1339
252,252,81
253,253,777
254,254,1082
255,255,995
256,256,1252
257,257,684
258,258,1093
259,259,786
260,260,1290
261,261,1354
262,262,1170
263,263,185
264,264,64
265,265,1243
266,266,772
267,267,1260
268,268,1111
269,269,105
270,270,1309
271,271,653
272,272,329
273,273,1383
274,274,526
275,275,660
276,276,323
277,277,281
278,278,26
279,279,63
280,280,421
281,281,1183
282,282,296
283,283,773
284,284,279
285,285,1262
286,286,470
287,287,20
288,288,993
289,289,1148
290,290,1033
291,291,1397
292,292,190
293,293,976
294,294,346
295,295,514
296,296,1378
297,297,386
298,298,568
299,299,1023
300,300,641
301,301,1072
302,302,374
303,303,1384
304,304,1122
305,305,1155
306,306,402
307,307,573
308,308,804
309,309,931
310,310,263
311,311,403
312,312,670
313,313,1174
314,314,1217
315,315,572
316,316,1255
317,317,1162
318,318,126
319,319,1316
320,320,1337
321,321,1384
322,322,764
323,323,904
324,324,123
325,325,450
326,326,836
327,327,1202
328,328,390
329,329,245
330,330,865
331,331,153
332,332,776
333,333,493
334,334,1051
335,335,1013
336,336,157
337,337,1474
338,338,455
339,339,729
340,340,620
341,341,1451
342,342,220
343,343,710
344,344,987
345,345,1
346,346,737
347,347,1165
348,348,1045
349,349,1088
350,350,222
351,351,1016
352,352,519
353,353,1036
354,354,56
355,355,574
356,356,613
357,357,604
358,358,457
359,359,1377
360,360,1271
361,361,226
362,362,799
363,363,1259
364,364,1214
365,365,1302
366,366,916
367,367,595
368,368,408
369,369,883
370,370,362
371,371,422
372,372,1454
373,373,1029
374,374,258
375,375,1193
376,376,1015
377,377,1048
378,378,1152
379,379,1165
380,380,1035
381,381,1085
382,382,681
383,383,371
384,384,502
385,385,183
386,386,553
387,387,499
388,388,35
389,389,216
390,390,411
391,391,278
392,392,363
393,393,53
394,394,48
395,395,603
396,396,1406
397,397,808
398,398,1259
399,399,912
400,400,289
401,401,147
402,402,550
403,403,1188
404,404,439
405,405,1160
406,406,262
407,407,234
408,408,1345
409,409,387
410,410,351
411,411,1367
412,412,322
413,413,1453
414,414,1233
415,415,1066
416,416,52
417,417,1334
418,418,1356
419,419,330
420,420,332
421,421,666
422,422,1423
423,423,1223
424,424,160
425,425,1194
426,426,1207
427,427,551
428,428,662
429,429,777
430,430,1187
431,431,533
432,432,1374
433,433,830
434,434,1495
435,435,559
436,436,1328
437,437,332
438,438,956
439,439,1478
440,440,467
441,441,243
442,442,1090
443,443,711
444,444,174
445,445,1338
446,446,157
447,447,162
448,448,220
449,449,594
450,450,510
451,451,244
452,452,920
453,453,1346
454,454,858
455,455,906
456,456,135
457,457,1486
458,458,1343
459,459,92
460,460,419
461,461,467
462,462,749
463,463,106
464,464,237
465,465,1338
466,466,1494
467,467,4
468,468,1084
469,469,187
470,470,124
471,471,845
472,472,767
473,473,98
474,474,1486
475,475,1341
476,476,1413
477,477,890
478,478,1464
479,479,52
480,480,916
481,481,1434
482,482,686
483,483,1413
484,484,802
485,485,1173
486,486,856
487,487,490
488,488,1039
489,489,87
490,490,693
491,491,1480
492,492,1412
493,493,702
494,494,774
495,495,298
496,496,482
497,497,1063
498,498,1421
499,499,65
500,500,749
1,1,609
2,2,327
3,3,98
4,4,477
5,5,1438
6,6,1200
7,7,1128
8,8,1348
9,9,1062
10,10,1477
11,11,369
12,12,462
13,13,388
14,14,921
15,15,1499
16,16,1060
17,17,198
18,18,1349
19,19,1335
20,20,1068
21,21,1227
22,22,1082
23,23,1485
24,24,913
25,25,1139
26,26,724
27,27,983
28,28,496
29,29,827
30,30,827
31,31,205
32,32,771
33,33,129
34,34,209
35,35,654
36,36,1472
37,37,132
38,38,614
39,39,101
40,40,127
41,41,1413
42,42,170
43,43,1317
44,44,326
45,45,938
46,46,1420
47,47,1385
48,48,1469
49,49,210
50,50,1179
51,51,837
52,52,1131
53,53,1474
54,54,798
55,55,1299
56,56,439
57,57,132
58,58,542
59,59,862
60,60,325
61,61,1349
62,62,1178
63,63,1242
64,64,881
65,65,125
66,66,444
67,67,493
68,68,1289
69,69,318
70,70,1275
71,71,350
72,72,1114
73,73,987
74,74,891
75,75,808
76,76,436
77,77,657
78,78,1104
79,79,145
80,80,554
81,81,59
82,82,1059
83,83,531
84,84,1220
85,85,448
86,86,199
87,87,1476
88,88,1492
89,89,526
90,90,938
91,91,771
92,92,320
93,93,167
94,94,1349
95,95,957
96,96,1210
97,97,1384
98,98,284
99,99,292
100,100,229
101,101,33
102,102,364
103,103,178
104,104,911
105,105,1010
106,106,589
107,107,612
108,108,1082
109,109,569
110,110,1337
111,111,632
112,112,1132
113,113,1130
114,114,105
115,115,588
116,116,1183
117,117,234
118,118,1229
119,119,798
120,120,1158
121,121,1279
122,122,160
123,123,57
124,124,465
125,125,1399
126,126,426
127,127,250
128,128,186
129,129,1217
130,130,1288
131,131,179
132,132,256
133,133,564
134,134,974
135,135,543
136,136,498
137,137,682
138,138,730
139,139,348
140,140,1072
141,141,1083
142,142,1133
143,143,438
144,144,171
145,145,478
146,146,963
147,147,432
148,148,1061
149,149,330
150,150,802
151,151,310
152,152,215
153,153,1172
154,154,999
155,155,742
156,156,1472
157,157,256
158,158,783
159,159,876
160,160,769
161,161,742
162,162,804
163,163,515
164,164,703
165,165,909
166,166,185
167,167,146
168,168,431
169,169,958
170,170,1062
171,171,660
172,172,780
173,173,952
174,174,1463
175,175,1443
176,176,308
177,177,311
178,178,141
179,179,1293
180,180,1071
181,181,1190
182,182,688
183,183,711
184,184,448
185,185,27
186,186,29
187,187,1297
188,188,628
189,189,1097
190,190,1095
191,191,680
192,192,523
193,193,1282
194,194,496
195,195,768
196,196,842
197,197,847
198,198,1492
199,199,508
200,200,198
201,201,177
202,202,837
203,203,1097
204,204,1362
205,205,913
206,206,1135
207,207,665
208,208,662
209,209,1034
210,210,1253
211,211,397
212,212,184
213,213,496
214,214,1025
215,215,159
216,216,28
217,217,1318
218,218,854
219,219,327
220,220,1184
221,221,412
222,222,1083
223,223,631
224,224,221
225,225,1259
226,226,405
227,227,618
228,228,801
229,229,1093
230,230,1128
231,231,160
232,232,541
233,233,895
234,234,988
235,235,631
236,236,812
237,237,1274
238,238,214
239,239,203
240,240,1303
241,241,1081
242,242,940
243,243,1006
244,244,1387
245,245,504
246,246,104
247,247,539
248,248,1234
249,249,722
250,250,115
251,251,1392
252,252,397
253,253,1086
254,254,46
255,255,1496
256,256,78
257,257,730
258,258,544
259,259,1452
260,260,219
261,261,349
262,262,937
263,263,482
264,264,762
265,265,882
266,266,1134
267,267,1290
268,268,1013
269,269,466
270,270,1178
271,271,385
272,272,1140
273,273,1146
274,274,312
275,275,801
276,276,676
277,277,652
278,278,1479
279,279,244
280,280,795
281,281,166
282,282,1190
283,283,296
284,284,425
285,285,789
286,286,113
287,287,1477
288,288,546
289,289,665
290,290,85
291,291,49
292,292,1346
293,293,1027
294,294,60
295,295,608
296,296,437
297,297,165
298,298,454
299,299,1264
300,300,227
301,301,454
302,302,496
303,303,689
304,304,446
305,305,1381
306,306,773
307,307,1360
308,308,874
309,309,131
310,310,1096
311,311,856
312,312,184
313,313,217
314,314,475
315,315,149
316,316,1176
317,317,723
318,318,73
319,319,708
320,320,740
321,321,1243
322,322,1273
323,323,217
324,324,924
325,325,969
326,326,1097
327,327,798
328,328,504
329,329,1427
330,330,570
331,331,1240
332,332,795
333,333,360
334,334,782
335,335,656
336,336,1373
337,337,926
338,338,557
339,339,1130
340,340,1490
341,341,1061
342,342,1075
343,343,342
344,344,1464
345,345,521
346,346,575
347,347,1080
348,348,381
349,349,1094
350,350,1015
351,351,1092
352,352,484
353,353,145
354,354,533
355,355,991
356,356,630
357,357,728
358,358,1122
359,359,904
360,360,614
361,361,629
362,362,931
363,363,535
364,364,1103
365,365,628
366,366,695
367,367,372
368,368,508
369,369,682
370,370,922
371,371,1272
372,372,178
373,373,265
374,374,777
375,375,1287
376,376,630
377,377,1076
378,378,733
379,379,319
380,380,1346
381,381,632
382,382,1021
383,383,81
384,384,1043
385,385,528
386,386,231
387,387,24
388,388,618
389,389,471
390,390,719
391,391,1009
392,392,303
393,393,1165
394,394,1085
395,395,1031
396,396,1305
397,397,888
398,398,473
399,399,1319
400,400,278
401,401,708
402,402,72
403,403,563
404,404,1125
405,405,1413
406,406,925
407,407,687
408,408,1021
409,409,1379
410,410,434
411,411,866
412,412,607
413,413,969
414,414,1292
415,415,27
416,416,1480
417,417,1358
418,418,1319
419,419,402
420,420,470
421,421,434
422,422,1256
423,423,1310
424,424,107
425,425,1163
426,426,39
427,427,600
428,428,180
429,429,347
430,430,454
431,431,718
432,432,1308
433,433,384
434,434,1055
435,435,1040
436,436,419
437,437,1498
438,438,1290
439,439,434
440,440,702
441,441,30
442,442,372
443,443,683
444,444,531
445,445,856
446,446,808
447,447,690
448,448,861
449,449,311
450,450,91
451,451,234
452,452,908
453,453,182
454,454,774
455,455,238
456,456,614
457,457,283
458,458,480
459,459,1260
460,460,211
461,461,399
462,462,244
463,463,148
464,464,158
465,465,206
466,466,1198
467,467,47
468,468,1006
469,469,958
470,470,1384
471,471,853
472,472,30
473,473,141
474,474,1373
475,475,973
476,476,735
477,477,419
478,478,939
479,479,1092
480,480,293
481,481,630
482,482,818
483,483,483
484,484,1225
485,485,1153
486,486,608
487,487,922
488,488,1375
489,489,1482
490,490,1318
491,491,116
492,492,29
493,493,39
494,494,441
495,495,1210
496,496,1367
497,497,1389
498,498,1293
499,499,94
500,500,353
1,1,123
2,2,1263
3,3,987
4,4,827
5,5,820
6,6,406
7,7,293
8,8,732
9,9,149
10,10,1304
11,11,363
12,12,1325
13,13,1477
14,14,389
15,15,429
16,16,232
17,17,523
18,18,1487
19,19,949
20,20,1255
21,21,374
22,22,710
23,23,934
24,24,276
25,25,607
26,26,559
27,27,482
28,28,990
29,29,928
30,30,546
31,31,602
32,32,195
33,33,1367
34,34,795
35,35,699
36,36,1457
37,37,1103
38,38,365
39,39,111
40,40,1426
41,41,74
42,42,1128
43,43,107
44,44,672
45,45,1051
46,46,897
47,47,512
48,48,1486
49,49,361
50,50,37
51,51,132
52,52,78
53,53,441
54,54,551
55,55,221
56,56,627
57,57,19
58,58,1040
59,59,1242
60,60,608
61,61,1296
62,62,862
63,63,897
64,64,117
65,65,1328
66,66,289
67,67,1248
68,68,23
69,69,1363
70,70,154
71,71,299
72,72,119
73,73,1085
74,74,1145
75,75,650
76,76,970
77,77,320
78,78,1186
79,79,321
80,80,338
81,81,742
82,82,1333
83,83,1418
84,84,1359
85,85,481
86,86,1321
87,87,449
88,88,120
89,89,557
90,90,539
91,91,109
92,92,711
93,93,1252
94,94,1138
95,95,686
96,96,548
97,97,362
98,98,754
99,99,1321
100,100,249
101,101,443
102,102,393
103,103,733
104,104,1383
105,105,315
106,106,292
107,107,494
108,108,927
109,109,182
110,110,1264
111,111,47
112,112,1354
113,113,394
114,114,817
115,115,405
116,116,1082
117,117,1458
118,118,217
119,119,559
120,120,1067
121,121,1117
122,122,410
123,123,713
124,124,101
125,125,275
126,126,888
127,127,592
128,128,364
129,129,917
130,130,788
131,131,370
132,132,406
133,133,1315
134,134,681
135,135,1020
136,136,451
137,137,696
138,138,479
139,139,452
140,140,1470
141,141,187
142,142,1043
143,143,452
144,144,993
145,145,281
146,146,1407
147,147,349
148,148,1422
149,149,132
150,150,1100
151,151,1036
152,152,1423
153,153,753
154,154,109
155,155,1176
156,156,621
157,157,927
158,158,327
159,159,1133
160,160,856
161,161,890
162,162,886
163,163,1031
164,164,1145
165,165,606
166,166,102
167,167,281
168,168,1215
169,169,1255
170,170,147
171,171,990
172,172,1134
173,173,27
174,174,1024
175,175,582
176,176,1418
177,177,1451
178,178,1228
179,179,299
180,180,1017
181,181,272
182,182,1481
183,183,1415
184,184,324
185,185,851
186,186,509
187,187,474
188,188,227
189,189,1214
190,190,245
191,191,362
192,192,60
193,193,556
194,194,871
195,195,1372
196,196,718
197,197,520
198,198,1009
199,199,935
200,200,1365
201,201,1228
202,202,1304
203,203,396
204,204,860
205,205,1394
206,206,1026
207,207,798
208,208,1167
209,209,770
210,210,481
211,211,244
212,212,1304
213,213,1163
214,214,1427
215,215,437
216,216,256
217,217,155
218,218,529
219,219,1477
220,220,1281
221,221,254
222,222,297
223,223,713
224,224,910
225,225,730
226,226,1345
227,227,1036
228,228,208
229,229,926
230,230,573
231,231,730
232,232,224
233,233,756
234,234,1196
235,235,454
236,236,577
237,237,1471
238,238,950
239,239,527
240,240,958
241,241,257
242,242,595
243,243,1385
244,244,842
245,245,1121
246,246,22
247,247,782
248,248,408
249,249,1497
250,250,1348
251,251,1207
252,252,1477
253,253,741
254,254,836
255,255,745
256,256,1315
257,257,1056
258,258,1424
259,259,421
260,260,42
261,261,1327
262,262,830
263,263,1418
264,264,1406
265,265,1140
266,266,536
267,267,977
268,268,71
269,269,620
270,270,679
271,271,587
272,272,1141
273,273,883
274,274,848
275,275,847
276,276,1102
277,277,856
278,278,1395
279,279,718
280,280,717
281,281,1152
282,282,1033
283,283,282
284,284,748
285,285,1354
286,286,851
287,287,553
288,288,390
289,289,258
290,290,1155
291,291,768
292,292,1072
293,293,1293
294,294,926
295,295,934
296,296,753
297,297,1378
298,298,383
299,299,720
300,300,129
301,301,774
302,302,1422
303,303,486
304,304,460
305,305,1012
306,306,439
307,307,445
308,308,1111
309,309,896
310,310,1223
311,311,996
312,312,209
313,313,129
314,314,1106
315,315,1436
316,316,1153
317,317,883
318,318,887
319,319,968
320,320,676
321,321,889
322,322,1246
323,323,748
324,324,1142
325,325,1241
326,326,225
327,327,762
328,328,1401
329,329,1071
330,330,55
331,331,993
332,332,1242
333,333,684
334,334,100
335,335,1054
336,336,270
337,337,479
338,338,561
339,339,1069
340,340,1438
341,341,92
342,342,281
343,343,149
344,344,62
345,345,303
346,346,1087
347,347,517
348,348,1353
349,349,1202
350,350,530
351,351,1089
352,352,313
353,353,1152
354,354,1465
355,355,307
356,356,6
357,357,1106
358,358,519
359,359,257
360,360,495
361,361,505
362,362,331
363,363,689
364,364,1293
365,365,847
366,366,26
367,367,1428
368,368,901
369,369,1145
370,370,867
371,371,1173
372,372,466
373,373,527
374,374,1070
375,375,1219
376,376,422
377,377,32
378,378,319
379,379,549
380,380,908
381,381,257
382,382,1215
383,383,629
384,384,965
385,385,591
386,386,385
387,387,1447
388,388,1031
389,389,697
390,390,1473
391,391,1208
392,392,1401
393,393,558
394,394,596
395,395,919
396,396,1140
397,397,428
398,398,848
399,399,672
400,400,1049
401,401,834
402,402,34
403,403,318
404,404,527
405,405,1035
406,406,1454
407,407,178
408,408,83
409,409,1473
410,410,114
411,411,1228
412,412,1462
413,413,474
414,414,503
415,415,888
416,416,1314
417,417,822
418,418,836
419,419,790
420,420,1062
421,421,270
422,422,635
423,423,995
424,424,1001
425,425,536
426,426,1425
427,427,1178
428,428,243
429,429,1089
430,430,1382
431,431,128
432,432,689
433,433,188
434,434,974
435,435,981
436,436,402
437,437,588
438,438,701
439,439,672
440,440,252
441,441,1482
442,442,1326
443,443,1069
444,444,511
445,445,1068
446,446,844
447,447,273
448,448,1235
449,449,1382
450,450,236
451,451,1296
452,452,507
453,453,909
454,454,1202
455,455,1116
456,456,1381
457,457,711
458,458,866
459,459,464
460,460,757
461,461,647
462,462,1350
463,463,625
464,464,680
465,465,1472
466,466,1163
467,467,678
468,468,1042
469,469,89
470,470,517
471,471,1413
472,472,1334
473,473,276
474,474,422
475,475,1100
476,476,1303
477,477,621
478,478,916
479,479,1484
480,480,1421
481,481,517
482,482,1306
483,483,965
484,484,220
485,485,1137
486,486,515
487,487,1494
488,488,458
489,489,1380
490,490,280
491,491,179
492,492,333
493,493,654
494,494,1151
495,495,378
496,496,351
497,497,980
498,498,702
499,499,1053
500,500,649
1,1,232
2,2,1073
3,3,88
4,4,1336
5,5,69
6,6,381
7,7,1256
8,8,1049
9,9,156
10,10,256
11,11,180
12,12,1154
13,13,152
14,14,507
15,15,563
16,16,137
17,17,54
18,18,393
19,19,481
20,20,501
21,21,251
22,22,908
23,23,719
24,24,1307
25,25,400
26,26,308
27,27,1327
28,28,130
29,29,211
30,30,1141
31,31,1459
32,32,111
33,33,589
34,34,1019
35,35,117
36,36,309
37,37,225
38,38,478
39,39,116
40,40,932
41,41,492
42,42,770
43,43,702
44,44,883
45,45,565
46,46,259
47,47,715
48,48,1327
49,49,1367
50,50,634
51,51,800
52,52,311
53,53,1147
54,54,1048
55,55,1440
56,56,1212
57,57,262
58,58,127
59,59,1000
60,60,1161
61,61,129
62,62,1253
63,63,612
64,64,435
65,65,720
66,66,1214
67,67,447
68,68,1133
69,69,44
70,70,884
71,71,1004
72,72,564
73,73,1066
74,74,501
75,75,1300
76,76,643
77,77,209
78,78,632
79,79,539
80,80,806
81,81,1143
82,82,1213
83,83,446
84,84,775
85,85,594
86,86,1474
87,87,37
88,88,993
89,89,90
90,90,84
91,91,1330
92,92,114
93,93,1173
94,94,1237
95,95,77
96,96,648
97,97,1412
98,98,525
99,99,1082
100,100,40
101,101,726
102,102,914
103,103,1153
104,104,181
105,105,1095
106,106,790
107,107,1249
108,108,903
109,109,152
110,110,404
111,111,387
112,112,504
113,113,1359
114,114,1139
115,115,91
116,116,318
117,117,623
118,118,1430
119,119,254
120,120,387
121,121,368
122,122,955
123,123,1361
124,124,1038
125,125,671
126,126,405
127,127,385
128,128,464
129,129,554
130,130,572
131,131,1068
132,132,689
133,133,944
134,134,509
135,135,993
136,136,1404
137,137,379
138,138,329
139,139,891
140,140,577
141,141,891
142,142,680
143,143,365
144,144,677
145,145,688
146,146,1447
147,147,1467
148,148,141
149,149,932
150,150,356
151,151,903
152,152,86
153,153,729
154,154,580
155,155,615
156,156,341
157,157,1289
158,158,950
159,159,499
160,160,535
161,161,102
162,162,289
163,163,945
164,164,62
165,165,43
166,166,339
167,167,586
168,168,1298
169,169,1407
170,170,957
171,171,52
172,172,875
173,173,1243
174,174,976
175,175,550
176,176,1343
177,177,233
178,178,629
179,179,623
180,180,1252
181,181,298
182,182,36
183,183,964
184,184,525
185,185,1443
186,186,519
187,187,629
188,188,345
189,189,342
190,190,760
191,191,143
192,192,540
193,193,930
194,194,1136
195,195,380
196,196,1358
197,197,621
198,198,312
199,199,841
200,200,914
201,201,1433
202,202,662
203,203,737
204,204,667
205,205,793
206,206,75
207,207,1019
208,208,315
209,209,1124
210,210,1102
211,211,169
212,212,649
213,213,317
214,214,488
215,215,1275
216,216,535
217,217,677
218,218,34
219,219,501
220,220,156
221,221,150
222,222,1475
223,223,1442
224,224,1417
225,225,218
226,226,708
227,227,154
228,228,168
229,229,859
230,230,156
231,231,765
232,232,609
233,233,390
234,234,1319
235,235,888
236,236,636
237,237,652
238,238,601
239,239,739
240,240,902
241,241,996
242,242,1251
243,243,567
244,244,943
245,245,757
246,246,1467
247,247,1216
248,248,1383
249,249,55
250,250,1477
251,251,1218
252,252,1408
253,253,1203
254,254,39
255,255,1253
256,256,1407
257,257,876
258,258,1307
259,259,254
260,260,1280
261,261,245
262,262,1125
263,263,399
264,264,1024
265,265,1371
266,266,254
267,267,210
268,268,737
269,269,487
270,270,1431
271,271,1345
272,272,663
273,273,1421
274,274,269
275,275,850
276,276,297
277,277,657
278,278,1490
279,279,767
280,280,286
281,281,740
282,282,1054
283,283,717
284,284,943
285,285,905
286,286,810
287,287,80
288,288,726
289,289,792
290,290,66
291,291,320
292,292,1155
293,293,177
294,294,170
295,295,1430
296,296,1126
297,297,315
298,298,56
299,299,1401
300,300,1303
301,301,1409
302,302,104
303,303,500
304,304,568
305,305,132
306,306,1297
307,307,698
308,308,307
309,309,1106
310,310,562
311,311,834
312,312,869
313,313,930
314,314,1447
315,315,1144
316,316,1157
317,317,703
318,318,513
319,319,953
320,320,928
321,321,149
322,322,109
323,323,502
324,324,1265
325,325,1030
326,326,25
327,327,684
328,328,1106
329,329,1331
330,330,830
331,331,750
332,332,102
333,333,628
334,334,586
335,335,459
336,336,1002
337,337,1155
338,338,1374
339,339,1055
340,340,1482
341,341,108
342,342,885
343,343,657
344,344,759
345,345,1195
346,346,1257
347,347,1223
348,348,1066
349,349,626
350,350,19
351,351,112
352,352,715
353,353,107
354,354,798
355,355,372
356,356,955
357,357,1277
358,358,800
359,359,509
360,360,1036
361,361,959
362,362,1083
363,363,1219
364,364,1267
365,365,1466
366,366,1471
367,367,1382
368,368,348
369,369,875
370,370,326
371,371,942
372,372,1234
373,373,694
374,374,860
375,375,1253
376,376,1130
377,377,367
378,378,380
379,379,104
380,380,363
381,381,1446
382,382,792
383,383,1433
384,384,449
385,385,970
386,386,756
387,387,550
388,388,1421
389,389,408
390,390,747
391,391,1482
392,392,438
393,393,1485
394,394,169
395,395,1386
396,396,89
397,397,230
398,398,923
399,399,96
400,400,1344
401,401,118
402,402,1107
403,403,1293
404,404,972
405,405,1436
406,406,892
407,407,393
408,408,1249
409,409,468
410,410,1262
411,411,907
412,412,765
413,413,456
414,414,1190
415,415,88
416,416,1164
417,417,62
418,418,908
419,419,3
420,420,1150
421,421,83
422,422,1012
423,423,178
424,424,205
425,425,70
426,426,367
427,427,1010
428,428,1344
429,429,839
430,430,985
431,431,1072
432,432,1019
433,433,1478
434,434,1350
435,435,968
436,436,977
437,437,1457
438,438,455
439,439,1423
440,440,281
441,441,827
442,442,231
443,443,1495
444,444,239
445,445,736
446,446,397
447,447,377
448,448,460
449,449,479
450,450,1286
451,451,955
452,452,493
453,453,719
454,454,1018
455,455,749
456,456,1163
457,457,1376
458,458,715
459,459,6
460,460,1255
461,461,193
462,462,745
463,463,1475
464,464,1412
465,465,213
466,466,839
467,467,409
468,468,630
469,469,1380
470,470,1308
471,471,775
472,472,787
473,473,1167
474,474,1155
475,475,788
476,476,795
477,477,991
478,478,465
479,479,118
480,480,897
481,481,272
482,482,1038
483,483,642
484,484,1402
485,485,430
486,486,361
487,487,838
488,488,1110
489,489,82
490,490,1129
491,491,1036
492,492,889
493,493,672
494,494,919
495,495,158
496,496,532
497,497,1304
498,498,708
499,499,1060
500,500,41
